"paper_id","title","abstract","authors","year","document_type","venue","persistent_id","category_codes","african_relevance","source_url","download_urls","license_status","citation_count","citation_percentile","relevance_score","source_quality","is_retracted","metrics_date"
"MUFASA-000001","Characterization of Some Selected Silica Sand Deposits in South West Nigeria for Sand Moulding in Foundry Industry","This study determined the clay content, chemical composition, grain fineness number, distribution and shape of silica-sand deposits from Igbokoda, Ote, Opa and Osooro in south-west Nigeria for foundry moulding. XRF/XRD showed quartz dominance and silica contents of 80.56–86.46%; all deposits were classified grade D.","Omotajo Adewole Adeyemi; Omotola Tobilola Emmanuel; Olawale J. Olawale; Isadare Dayo A.; Adetunji A. R.; Adekoya O.; Adeyemo O.","2021","journal_article","Nigerian Journal of Materials Science and Engineering","url:https://njmse.msn.ng/article/characterization-of-some-selected-silica-sand-deposits-in-south-west-nigeria-for-sand-moulding-in-foundry-industry","MAT-MIN-001; MAT-MAN-001","Nigeria; South West Nigeria; local_mineral; local_manufacturing","https://njmse.msn.ng/article/characterization-of-some-selected-silica-sand-deposits-in-south-west-nigeria-for-sand-moulding-in-foundry-industry","https://njmse.msn.ng/article/characterization-of-some-selected-silica-sand-deposits-in-south-west-nigeria-for-sand-moulding-in-foundry-industry/download","open_access | licence_terms_not_stated | training_permission_unverified","","","0.98","peer_reviewed","false","2026-07-12"
"MUFASA-000002","Effect of Compactive Effort on the Geotechnical Properties of Metakaolin Treated Black Cotton Soil","The study examined black cotton soil treated with up to 10% metakaolin from calcined kaolin under British Standard Light, West Africa Standard and British Standard Heavy compaction. Treatment reduced liquid and plastic limits and lowered hydraulic conductivity; the authors recommended the material as a liner or cover for waste-containment facilities.","T. S. Ijimdiya; G. Imam; T. Igboro; A. Tanko","2015","journal_article","Nigerian Journal of Materials Science and Engineering","url:https://njmse.msn.ng/article/effect-of-compactive-effort-on-the-geotechnical-properties-of-metakaolin-treated-black-cotton-soil","MAT-BLD-002","Nigeria; black_cotton_soil; local_kaolin; local_conditions","https://njmse.msn.ng/article/effect-of-compactive-effort-on-the-geotechnical-properties-of-metakaolin-treated-black-cotton-soil","https://njmse.msn.ng/article/effect-of-compactive-effort-on-the-geotechnical-properties-of-metakaolin-treated-black-cotton-soil/download","open_access | licence_terms_not_stated | training_permission_unverified","","","0.95","peer_reviewed","false","2026-07-12"
"MUFASA-000003","Moulding Properties of As-Mined and Silica-Enriched Potters’ Clay","Ipetumodu potters’ clay was dried, ground, sieved and mixed with 5% water, then tested for green/dry compression, green/dry shear strength and permeability. Clay–silica mixtures were evaluated and compared with foundry moulding sand used at the Federal Institute of Industrial Research, Oshodi.","S. A. Ibitoye; A. A. Afonja","2001","journal_article","Journal of Construction and Materials Technology","url:https://nbrri.gov.ng/new/wp-content/uploads/2019/06/Journal-of-Construction-and-Materials-Technology-vol-1-no-2.pdf#page=39","MAT-MIN-001; MAT-MAN-001","Nigeria; Ipetumodu; local_clay; foundry_manufacturing","https://nbrri.gov.ng/new/wp-content/uploads/2019/06/Journal-of-Construction-and-Materials-Technology-vol-1-no-2.pdf","https://nbrri.gov.ng/new/wp-content/uploads/2019/06/Journal-of-Construction-and-Materials-Technology-vol-1-no-2.pdf","all_rights_reserved | training_permission_required","","","0.97","peer_reviewed","false","2026-07-12"
"MUFASA-000004","Testing of Cement Stabilized Lateritic Soil Using Various Indirect Tensile Strength Test Methods","Brazilian split-cylinder, double-punch, flexural-beam, non-Brazilian point-load and ring tensile tests were applied to cement-stabilized soils containing 0–8% cement. Results were analysed graphically and with brittleness models to compare the tensile-test methods.","F. C. Emesiobi; F. O. Aitsebaomo","2003","journal_article","Journal of Construction and Materials Technology","url:https://nbrri.gov.ng/new/wp-content/uploads/2019/06/Journal-of-Construction-and-Materials-Technology-vol-2-no-1.pdf#page=93","MAT-BLD-002; MAT-INF-001","Nigeria; lateritic_soil; local_road_material; local_conditions","https://nbrri.gov.ng/new/wp-content/uploads/2019/06/Journal-of-Construction-and-Materials-Technology-vol-2-no-1.pdf","https://nbrri.gov.ng/new/wp-content/uploads/2019/06/Journal-of-Construction-and-Materials-Technology-vol-2-no-1.pdf","all_rights_reserved | training_permission_required","","","0.97","peer_reviewed","false","2026-07-12"
"MUFASA-000005","Mix Design Optimization of High-Performance Concrete Using Local Materials","Twelve concrete mixes made from local materials were evaluated using water–cement ratios of 0.30, 0.35 and 0.40 and different coarse-aggregate size combinations. Workability and compressive, flexural and tensile strengths were tested through 90 days; predictive strength models were proposed.","Efe E. Ikponmwosa; Kolawole A. Olonade; Abdulgafar O. Sulaiman; Emmanuel O. Akintunde; Numeri O. Enikanologbon; Olusegun A. Kehinde","2023","journal_article","Nigerian Journal of Technology","doi:10.4314/njt.v42i2.2","MAT-BLD-003","Nigeria; University of Lagos; local_material; local_conditions","https://www.nijotech.com/index.php/nijotech/article/view/3132","https://www.nijotech.com/index.php/nijotech/article/download/3132/1962/9784","CC-BY-NC-ND-4.0 | noncommercial_no_derivatives | training_permission_unverified","","","0.96","peer_reviewed","false","2026-07-12"
"MUFASA-000006","Compressive, Bending and Shear Properties of Reinforced Concrete Beams Containing Sawdust Ash as Partial Replacement of Cement","Concrete cubes and reinforced concrete beams containing 0–10% sawdust ash as cement replacement were cured and tested through 180 days. A 5% ash replacement achieved the required compressive strength and met structural-concrete requirements.","O. E. Osanyinlokun; C. A. Fapohunda; O. M. Olaniyan","2024","journal_article","Nigerian Journal of Technology","doi:10.4314/njt.v43i1.2","MAT-BLD-003; MAT-RES-001","Nigeria; sawdust_ash; agricultural_waste_utilization; local_material","https://www.nijotech.com/index.php/nijotech/article/view/3558","https://www.nijotech.com/index.php/nijotech/article/download/3558/2009/11940","CC-BY-NC-ND-4.0 | noncommercial_no_derivatives | training_permission_unverified","","","0.98","peer_reviewed","false","2026-07-12"
"MUFASA-000007","Reliability Evaluation of Compaction Water Content of Plantain Peel Ash Treated Lateritic Soil","FORM was employed to assess optimum moisture content of residual lateritic soil mixed with plantain peel ash and compacted with British Standard Light and Heavy energies for flexible-pavement applications.","K. Ishola; O. A. Olawuyi; P. Yohanna; A. A. Bello; R. O. Sani; O. Akin","2021","journal_article","Nigerian Journal of Technological Development","doi:10.63746/njtd.v18i1.605","MAT-BLD-002; MAT-INF-001; MAT-RES-001","Nigeria; lateritic_soil; plantain_peel_ash; road_pavement","https://journal.njtd.com.ng/index.php/njtd/article/view/605","https://journal.njtd.com.ng/index.php/njtd/article/download/605/255/3275","CC-BY-NC-SA-4.0 | noncommercial_training_only","","","0.98","peer_reviewed","false","2026-07-12"
"MUFASA-000008","Mechanical Properties of Millet Husk Ash Bitumen Stabilized Soil Block","This study investigates strength and durability improvement of lateritic soil blocks using millet husk ash and bitumen, aiming to reduce cost and provide an agricultural-waste outlet. Selected blends achieved high compressive strength and watertight bricks.","M. T. Abdulwahab; O. A. U. Uche; G. Suleiman","2017","journal_article","Nigerian Journal of Technological Development","doi:10.4314/njtd.v14i1.5","MAT-BLD-001; MAT-BLD-002; MAT-RES-001","Nigeria; lateritic_soil; millet_husk_ash; low_cost_building_material","https://journal.njtd.com.ng/index.php/njtd/article/view/147","https://journal.njtd.com.ng/index.php/njtd/article/download/147/86/229","copyright_transferred | open_access | training_permission_unknown","","","0.99","peer_reviewed","false","2026-07-12"
"MUFASA-000009","Investigation of the Properties of Concrete Made with Fly-Ash and Dry Waste Okra Powder","The research investigates fly ash and dry waste okra powder in concrete. Ten percent of cement was replaced with fly ash and 0.25–1% dry waste okra powder was added; selected blends produced higher strengths than the control.","Y. Rahmat; A. S. Abdulazeez; I. Gambo; I. Audu; A. A. Isah","2024","journal_article","Arid Zone Journal of Engineering, Technology and Environment","","MAT-BLD-003; MAT-RES-001; MAT-RES-002","Nigeria; okra_agricultural_waste; locally_available_material; cement_replacement","https://www.azojete.com.ng/index.php/azojete/article/view/915","https://www.azojete.com.ng/index.php/azojete/article/download/915/526/","copyright_transferred | open_access | training_permission_unknown","","","0.94","peer_reviewed","false","2026-07-12"
"MUFASA-000010","Effects of Rice Husk Ash on Durability of Self-Compacting Concrete Made with Cassava Peel Ash","This study evaluates durability of self-compacting concrete made with cassava peel ash combined with rice husk ash at 5–25% cement replacement. The ashes improved acid and sulfate resistance and reduced water absorption.","M. T. Abdulwahab; O. A. U. Uche; A. Aboshio; A. Mohammed; A. Suleiman; A. M. Auwal; S. U. Chidawa","2022","journal_article","Arid Zone Journal of Engineering, Technology and Environment","","MAT-BLD-003; MAT-RES-001; MAT-RES-003","Nigeria; cassava_peel_ash; rice_husk_ash; agricultural_waste; concrete_durability","https://www.azojete.com/index.php/azojete/article/view/565","","CC-BY-NC-ND-4.0 | noncommercial_no_derivatives","","","0.99","peer_reviewed","false","2026-07-12"
"MUFASA-000011","Geotechnical Properties of Lateritic Soil Stabilized with Banana Leaves Ash","Lateritic soil collected at the Federal University of Technology, Akure, Nigeria was tested after adding 2–10% banana-leaf ash. The ash improved soil strength and unsoaked CBR reached an optimum at 4% ash.","Emeka Segun Nnochiri; Olufikayo Aderinlewo","2016","journal_article","FUOYE Journal of Engineering and Technology","doi:10.46792/fuoyejet.v1i1.24","MAT-BLD-002; MAT-INF-001; MAT-RES-001","Nigeria; Akure; lateritic_soil; banana_leaf_ash; road_subgrade","https://journal.engineering.fuoye.edu.ng/index.php/engineer/article/view/24","https://journal.engineering.fuoye.edu.ng/index.php/engineer/article/view/24/pdf","copyright_notice_only | training_permission_unknown","","","0.99","peer_reviewed","false","2026-07-12"
"MUFASA-000012","Effects of Sesame Straw Ash as a Substitute for Cement on Strength Characteristics of Concrete","This study recycles sesame straw ash as a cement substitute in greener concrete. Replacement levels of 0–25% were tested; concrete with 10% ash exceeded the design strength at 28 days.","Tasiu A. Sulaiman; Stephen P. Ejeh; Adamu Lawan; Jibrin M. Kaura","2022","journal_article","FUOYE Journal of Engineering and Technology","doi:10.46792/fuoyejet.v7i2.813","MAT-BLD-003; MAT-RES-001","Nigeria; sesame_straw_ash; agricultural_waste; cement_import_substitution","https://journal.engineering.fuoye.edu.ng/index.php/engineer/article/view/813","https://journal.engineering.fuoye.edu.ng/index.php/engineer/article/view/813/465","CC-BY-NC-4.0 | noncommercial_training_only","","","0.97","peer_reviewed","false","2026-07-12"
"MUFASA-000013","Assessment of Compressive Strength of Concrete Produced with Fine Aggregate from Different Locations in Kaduna State","This research examined engineering properties of fine aggregate used in concrete works in Kaduna State and assessed how aggregate source affects concrete compressive strength.","Uwemedimo Nyong Wilson; Izzideen Balarabe; O. C. Eze; Abdullahi Adefila; M. A. Adole","2022","journal_article","FUTA Journal of Engineering and Engineering Technology","doi:10.51459/futajeet.2022.16.1.609","MAT-BLD-001","Nigeria; Kaduna State; local_aggregate; local_construction_materials","https://doi.org/10.51459/futajeet.2022.16.1.609","https://www.researchgate.net/publication/405048672_ASSESEMENT_OF_COMPRESSIVE_STRENGTH_OF_CONCRETE_PRODUCED_WITH_FINE_AGGREGATE_FROM_DIFFERENT_LOCATIONS_IN_KADUNA_STATE","CC-BY-NC-ND-4.0 | noncommercial_no_derivatives","","","0.95","peer_reviewed","false","2026-07-12"
"MUFASA-000014","Enhancing Asphalt Pavement Performance through Palm Kernel Shells Integration","The study evaluates locally available palm kernel shells as an asphalt-mixture modifier to improve pavement performance, addressing waste reuse and road-material needs in Nigeria.","O. S. Aderinola; G. O. Ata","2025","journal_article","FUTA Journal of Engineering and Engineering Technology","doi:10.51459/futajeet.2025.19.1.468","MAT-INF-001; MAT-RES-001","Nigeria; palm_kernel_shell; agricultural_waste; pavement_material","https://jeet.futa.edu.ng/jeet/article/view/468","","CC-BY-NC-ND-4.0 | noncommercial_no_derivatives","","","0.96","peer_reviewed","false","2026-07-12"
"MUFASA-000015","Differential Maturity across Lateritic Profiles from Ilorin, North Central Nigeria","This study characterizes upper crustal, middle gravelly and basal lateritic horizons near Ilorin using geotechnical tests. The gravelly middle horizon exhibited the highest maturity and expected engineering performance.","O. A. Odediran","2022","journal_article","LAUTECH Journal of Engineering and Technology","url:https://www.laujet.com/index.php/laujet/article/view/508","MAT-BLD-001; MAT-INF-001","Nigeria; Ilorin; local_laterite; tropical_construction_material","https://www.laujet.com/index.php/laujet/article/view/508","https://www.laujet.com/index.php/laujet/article/download/508/402","CC-BY-NC-ND-4.0 | noncommercial_no_derivatives","","","0.97","peer_reviewed","false","2026-07-12"
"MUFASA-000016","Influence of Elastobar and Zycoprime Nanochemicals on Concrete Properties with Coarse Aggregate Partially Replaced by Periwinkle Shell","This study tests concrete containing periwinkle shells collected from Ilaje, Lagos State as partial coarse-aggregate replacement, with Elastobar and Zycoprime additives, and evaluates grading and strength properties.","Destiny Ogenetega Jackson; Olatunji Sunday Olaniyan; Kingsley Obinna Obilor","2025","journal_article","LAUTECH Journal of Engineering and Technology","url:https://laujet.com/index.php/laujet/article/view/812","MAT-BLD-001; MAT-RES-002","Nigeria; Ilaje; periwinkle_shell; local_waste_material","https://laujet.com/index.php/laujet/article/view/812","","CC-BY-NC-ND-4.0 | noncommercial_no_derivatives","","","0.98","peer_reviewed","false","2026-07-12"
"MUFASA-000017","Rock Characteristics and Ball Mill Energy Requirements at Goldfields Ghana Limited, Tarkwa Gold Mine (TGM)","Goldfields Ghana Tarkwa Mine ores were characterized and compared with plant design parameters. Work index differed from design and simulation identified a suitable throughput for the required energy draw.","Charles Ebenezer Abbey; Kenneth Joseph Bansah; Greg Galecki; Kofi Agyeman Boateng","2015","journal_article","Ghana Mining Journal","url:https://journals.umat.edu.gh/index.php/gmj/article/view/46","MAT-MIN-001; MAT-MIN-002","Ghana; Tarkwa Gold Mine; local_gold_ore; mineral_processing","https://journals.umat.edu.gh/index.php/gmj/article/view/46","https://journals.umat.edu.gh/index.php/gmj/article/download/46/15/263","CC-BY | training_allowed","","","0.99","peer_reviewed","false","2026-07-12"
"MUFASA-000018","Characterisation of Small-Scale Gold Mining Tailings in the Western Region of Ghana","Artisanal small-scale gold mining tailings from five Ghanaian locations were assessed by size analysis, gold grade and deportment, and cyanidation, informing reprocessing of Ghanaian ASGM tailings.","I. J. Cobbinah; G. M. K. Gbedemah; Z. K. Nurudeen; A. K. Saim; R. K. Amankwah","2021","journal_article","Ghana Mining Journal","doi:10.4314/gm.v21i2.4","MAT-MIN-002; MAT-RES-002","Ghana; Western Region; ASGM_tailings; gold_recovery","https://doi.org/10.4314/gm.v21i2.4","","CC-BY | training_allowed","","","1","peer_reviewed","false","2026-07-12"
"MUFASA-000019","Optimising Blend Ratios, Grinds, and Reagent Schemes to Recover Platinum Group Metals from Lower Group Reef Spiral Tailings","Lower Group chromite spiral tailings from a South African chrome mine were blended and tested with flotation, grind and reagent changes to develop a practical PGM recovery route.","T. L. Moodley; I. Govender; S. Pikinini; J. Sehata; J. Tshilongo; M. Raedani","2026","journal_article","Journal of the Southern African Institute of Mining and Metallurgy","doi:10.17159/2411-9717/910/2026","MAT-MIN-001; MAT-MIN-002; MAT-RES-002","South Africa; Bushveld Igneous Complex; Lower Group chromitite; PGM_tailings","https://www.scielo.org.za/scielo.php?pid=S2225-62532026000200004&script=sci_arttext&tlng=en","https://saimm.org.za/Journal/v126n2p95.pdf","copyright_SAIMM | training_permission_unverified","","","1","peer_reviewed","false","2026-07-12"
"MUFASA-000020","Characterisation of the Reworked Residual Norite in the Rustenburg Region of South Africa","Twenty-six samples of reworked residual norite underlying tailings facilities in South Africa Rustenburg region were characterized using index and strength testing to assess tailings-storage stability.","E. Zannoni; T. Grobler; G. Heymann","2026","journal_article","Journal of the Southern African Institute of Mining and Metallurgy","doi:10.17159/2411-9717/983/2026","MAT-MIN-001; MAT-MIN-002","South Africa; Rustenburg; Bushveld Igneous Complex; tailings_storage_foundation","https://www.scielo.org.za/scielo.php?lng=en&nrm=iso&pid=S2225-62532026000400006&script=sci_arttext&tlng=en","https://www.scielo.org.za/pdf/jsaimm/v126n4/06.pdf","copyright_SAIMM | training_permission_unverified","","","0.98","peer_reviewed","false","2026-07-12"
